time,temperature_c,humidity_pct,precip_mm
2026-10-05T00:00,17.8,100,0.2
2026-10-05T01:00,17.7,100,0.0
2026-10-05T02:00,17.4,100,0.0
2026-10-05T03:00,17.2,100,0.3
2026-10-05T04:00,17.0,98,0.7
2026-10-05T05:00,18.2,97,0.3
2026-10-05T06:00,17.7,98,0.9
2026-10-05T07:00,19.0,92,0.1
2026-10-05T08:00,21.0,81,0.1
2026-10-05T09:00,21.6,79,0.2
2026-10-05T10:00,22.0,75,0.2
2026-10-05T11:00,22.8,69,0.2
2026-10-05T12:00,21.3,78,1.0
2026-10-05T13:00,21.4,78,1.5
2026-10-05T14:00,21.6,77,0.4
2026-10-05T15:00,21.6,76,0.1
2026-10-05T16:00,21.4,75,0.0
2026-10-05T17:00,20.3,84,0.0
2026-10-05T18:00,19.4,90,0.0
2026-10-05T19:00,18.9,94,0.0
2026-10-05T20:00,18.3,97,0.0
2026-10-05T21:00,17.8,97,0.0
2026-10-05T22:00,17.4,97,0.0
2026-10-05T23:00,16.9,98,0.0
2026-10-06T00:00,16.5,98,0.0
2026-10-06T01:00,16.5,97,0.0
2026-10-06T02:00,16.4,97,0.1
2026-10-06T03:00,16.3,98,0.0
2026-10-06T04:00,16.2,98,0.0
2026-10-06T05:00,16.2,98,0.0
2026-10-06T06:00,16.9,95,0.0
2026-10-06T07:00,19.2,83,0.0
2026-10-06T08:00,20.5,76,0.1
2026-10-06T09:00,21.7,72,0.5
2026-10-06T10:00,22.7,69,0.1
2026-10-06T11:00,23.9,65,0.1
2026-10-06T12:00,22.0,72,0.1
2026-10-06T13:00,20.0,83,0.7
2026-10-06T14:00,18.2,88,1.5
2026-10-06T15:00,18.2,91,0.8
2026-10-06T16:00,18.9,88,0.1
2026-10-06T17:00,18.1,94,0.0
2026-10-06T18:00,17.5,97,0.0
2026-10-06T19:00,17.0,98,0.0
2026-10-06T20:00,16.7,99,0.0
2026-10-06T21:00,15.9,99,0.0
2026-10-06T22:00,15.4,100,0.0
2026-10-06T23:00,15.4,100,0.0
2026-10-07T00:00,15.3,100,0.0
2026-10-07T01:00,15.1,100,0.0
2026-10-07T02:00,15.0,100,0.0
2026-10-07T03:00,14.7,100,0.0
2026-10-07T04:00,14.7,99,0.2
2026-10-07T05:00,14.6,100,0.1
2026-10-07T06:00,15.2,99,0.2
2026-10-07T07:00,17.6,92,0.0
2026-10-07T08:00,19.7,82,0.1
2026-10-07T09:00,21.3,75,0.1
2026-10-07T10:00,20.0,80,1.5
2026-10-07T11:00,20.0,81,2.7
2026-10-07T12:00,21.3,80,0.9
2026-10-07T13:00,19.1,83,0.8
2026-10-07T14:00,18.2,91,2.0
2026-10-07T15:00,18.6,94,1.1
2026-10-07T16:00,18.5,92,0.1
2026-10-07T17:00,17.6,96,0.0
2026-10-07T18:00,17.0,98,0.0
2026-10-07T19:00,16.4,99,0.0
2026-10-07T20:00,15.7,99,0.0
2026-10-07T21:00,15.1,100,0.0
2026-10-07T22:00,15.0,100,0.0
2026-10-07T23:00,14.7,100,0.0
